quote,label
Which means his lifestyle is unsustainable. Look at the house and the cars. Even renting heâ€™s just racking up debt pretending to be a millionaire.,negative
Maybe concerned about you being underweight? She is probably concerned you donâ€™t eat enough and is trying to help you,positive
[NAME] can hug them too.,positive
The way him and his mom talk to each other is like a little boy and his Mommy!,positive
"Well if you refer back to my original reply to you that should be clear, really. ",neutral
My thoughts exactly. Love me some malicious compliance.,positive
Good thing he realized this was pointless before he resigned from his state senate seat. ^/s,negative
"Sorry, [NAME], but [NAME] beat you to it.",negative
Please enlighten us,neutral
Wow yeah similar to my story what a nightmare :(,negative
I realised hatred does only more of self damage. Over time even the hatred fades.,positive
Why am i reading all these different,neutral
"ah so youre the guy who shows up to the party with one goal, to yell at people when they donâ€™t play by his own rules",negative
French fried when he should have pizza'd and had a bad time.,negative
"Loved that show, but [NAME] put me right off it. Like fingernails down a chalk board.",negative
"It that where the phrase ""what a kroc"" came from?",neutral
Nice work gang!,positive
She didn't hit any of the notes but I still love [NAME] so much.,positive
"They do, however this is a TRAFFIC unit that focus' on TRAFFIC offences. Ice dealers are more of a detective / taskforce job.",neutral
Iâ€™m confused why the [NAME] tax is negative savings. Otherwise great stuff .,negative
"The one on the left looks weirdly suggestive and it creeps me out, you did better with yours",negative
Youâ€™d be surprised what people could find with just a town name and doctor. Just looking out. If you already considered it ignore me.,neutral
>I clearly have no fuck I clue what I'm doing hire someone,negative
He didn't blow anything. She blew it with him. What a fun guy!,neutral
Everybody letâ€™s join hands,positive
This is amazing,positive
Everyone makes mistakes tho... at least he only allowed 1 mistake to go for a goal,neutral
Those are sexist theories not facts.,negative
"He had one poor split, and he already looks strong, fuck your mindless hate",negative
"Walkerton for anyone who is curious about the actual real deaths under ""chainsaw"" [NAME] ",negative
30 people is big for you...? Dang im middle eastern and it's over 500 guests each time..,negative
"This one is by [NAME] !! Good suggestion, relates to me lmao",positive
"Yeah bad timing, but thanks for answering tho have a good rest of your day, cheers!",neutral
Happy looking fella ainâ€™t he!,positive
[NAME] career ended after he broke his foot when he kicked a seat while blacked out on a party after a Vikings game.,negative
"I didn't say that or imply it, nice try.",negative
I love working with people but sometimes I really hate people. ðŸ¤·ðŸ¤·ðŸ¤·,neutral
From an Instagram post about the judge critiquing [NAME] look,negative
Iâ€™m so happy for them. I hope he drowns in a puddle of bacon grease.,negative
well.. didn't have it when I was a kids but I like it now when it's served as side dish at beer bars.,positive
"You mean, their gender. And no, we really just do as much as cis person.",neutral
Don't kiss your doorbell! Or anyone else's for that matter...,negative
You don't have a confession then?,neutral
I really miss AG,negative
Holy fuck. Best idea ever. Thank you.,positive
"Forget it [NAME], it's Chirotown. ",neutral
Looks like you just finished eating a shit covered ass.,negative
"To be fair, they did call it a horror. ",neutral
"He has actively lied about and misrepresented Canadian laws and legislation, even after he's been corrected. ",negative
"This, like it varies and fluctuates",neutral
I think this isn't allowed on /r/cringe and I think that's why they hid that sub.,negative
See you all tomorrow for FIN - USA! End of the evening iguana,positive
Somebody's obnoxious.,negative
I'm legit posting this everywhere. It's hilarious. I've given you many chances.,positive
"Dog thinking ""shit this guy is crazy, better get out""",negative
Delete this. Half the fun is spending five minutes convincing someone to get down on the floor and look through a couple holes.,positive
"Because all they care about is themselves, and maybe their immediate family. Its the libertarian ethos - gimme gimme and fuck everybody else.",negative
Once they get a taste of catfood theyâ€™ll be back for the whole cat.,negative
Needs funny captions.,neutral
Time flies when you're a semiprofessional quotemaker. I wonder what he's up to these days.,neutral
Hope she likes cold showers.,negative
That video was so shaky I thought I had Cerebellar Hypoplasia for a minute.,negative
"My template is usually : - Sassy, back-handed or just straight-up offensive response back to them. - Walk Away.",negative
[NAME] could kill someone on purpose and she isnt going to get into trouble EVER,negative
What the fuck is The Baffler? I can't even go there at work.,negative
I would think I was in a horror movie and lock the doors. Lol,negative
"So for you, consent and coercion are not mutually exclusive, correct? Are they ever?",neutral
"I mean if it was crowded or rush hour I understand, but I don't see that much an issue if its empty like this..",neutral
What the shit is a â€œNetflixâ€? We are Hulu people now.,negative
What a block by [NAME],positive
Cut the guy off and gave him a yes-no question. Which he exasperatedly answered. This is not the way to listen.,negative
What a weird character to use for something like this,negative
Or do you mean because the people in this sub arenâ€™t the homophobes in question?,neutral
Probably because he is in a spiderman suit and is planning on doing something funny.,positive
>If you're not embarrassed they probably won't probe. I'd hope not!,neutral
Never lost one. The black one just got trampled on a dance floor and it stopped hitting.,negative
"Yeah, Iâ€™m curious how these notes are â€œpassiveâ€. ",neutral
OMG this Extreme Love commercial. Yikes.,negative
"Finally, a real ""murderedbywords"" than the constant string of silly roasts.",negative
which is the fault of the people they voted on :D,negative
Play stupid games and win stupid prizes dude.,negative
"I mean... once you know about the ""trick"" it takes about 30 seconds to master.",neutral
Here's my [NAME]. and [NAME] in front of our tree :),positive
Cervezas for everyone!,positive
"They arenâ€™t going to have him skip AAA, but he could legitimately be an option later in the season. ",neutral
I believe that people with the disease give it a chance to mutate when around people who are vaccinated,negative
"But as a flamboyant bi, [NAME] is my god.",positive
Funny. My wife is currently trying to grow shrimp by feeding the algae to them. She has some optimistic results!,positive
Seriously!? Wouldn't a guy do the same thing if a girl didn't even attempt to get him off?,negative
If we made him stop once we can do it again!,positive
I think I should say that I am a student and have no income.,neutral
Seems like itâ€™s very hard for her to laugh... I think it may physically hurt her face.,negative
Tf what it this for a motivational speech?? Tf is fb doing to these kids,negative
"""Freedom is a cage"" -[NAME]",negative
[NAME] threw the first bricks at Stonewall.,positive
"I can see the rippled sandy bottom, the shark is clearly visible, the surface is near. I feel ok ðŸ˜",positive
These disgusting old hags are literally old school flesh-consuming ghouls. Like [NAME] or [NAME].,negative
I would love to find a like minded boyfriend but I given up on that already...,negative
By the end I was I hysterics. Not a single reply from the wife too.,negative
Whoops!! I totally didnâ€™t realize â€â™€ï¸,neutral
I like him in Friends from College too!,positive
"Yeah, that was in Episode 1 i think when she came to free him after he got captured by [NAME]",neutral
Imagine thinking anybody cares about the constitution at this point.,negative
Sorry for your loss ðŸ˜£,negative
Wow guns and ignorance. What else is wrong with her?,negative
"Oh dear, you are entertaining. Please, talk more to me. ",positive
I am here with you!,positive
" ""If you don't wear BROWN AND ORANGE...YOU DON'T MATTER!"" We need a tshirt with that on it asap! ",positive
I feel like Tankathon was made for or by magic fans. Such an amazing website lol,positive
We must know if we are to be betrayed or abandoned,negative
"To be fair, spinners are supposed to be very small pornstars, not BBW like trump.",negative
Did you even venture to scroll through the nearly 2h long video linked in this thread? Not hard to find....seems like you are just avoiding it.,negative
[NAME] has only lived for [NAME] and [NAME] for now but the choices have been fair.,neutral
[NAME] got lucky that wasnt a foul on him again,negative
This guy - you win.,positive
Or you have msdn,neutral
Thought i was already there with the terrible title.,negative
It's all hypocrisy and projection. The people smearing him work for [NAME] and [NAME].,negative
"Yes, it does.",positive
Voting for representatives to govern on your behalf isn't direct democracy. That is when the people directly vote on issues themselves.,neutral
I love when these self-proclaimed ones would hound me for more pics.,negative
At least the shots we're getting are counting. Edit : LIKE THAT WOOOO,positive
A volley into a header. Just wow. The skills.,positive
"I tried Guinness the other week and it made me gag, whatâ€™s different about it to other beer",negative
"He's about 30 years old, but he looks much older due to how natural he is.",neutral
"That sounds awful. Glad its from 4Chan, so I know its fake.",negative
Great tag :),positive
I fucking hate [NAME],negative
Looks like a cool location.,positive
What an absolute moron. Talking about characters everyone and their inbred mother knew would be back. His stupidity fucked him over.,negative
I'm glad you called it because it really is a beautiful and beautifully honest statement.,positive
Paws come flying out from the dark,neutral
"I read ""Driscoll"" as as ""Discoroll"" and assumed this was in NC.",neutral
"â€œ[NAME] make y'famous tonight, buddy!â€ ðŸ¤£ Anyway, no manger for him!",positive
Would someone even be able to pursue a diagnosis for type 2 if they already suffer from type 1?,neutral
"If he hits you and constantly degrades you, it's abuse",negative
"[NAME] is promised a valyrian steel sword by daenerys, which one will he get? ",neutral
tbh if I had to listen to [NAME] voice in person I would probably punch myself in the eardrums a la Asuelu,negative
Also pretty fantastic in Good Girls Revolt,positive
You're so cool.,positive
SE 89th just north of Brooklyn St is one of the worst I've driven.,negative
"The soft glam palette from ABH, because almost everyone loves it. And I love it too. I am actually loving it more than my modern renaissance ðŸ˜Š",positive
"Because it's the one right that we hope to never need, at least in the sense of revolt or self defense.",neutral
Honestly not mad at that lineup at all. Let's make it happen VH1!,positive
can you give us a quick summary (no spoilers)?,neutral
"What an obnoxious, drunk girl. ",negative
Season 2 has been fantastic,positive
"Meanwhile, in a certain discord",neutral
"We need you to lose five pouns in one munt, [NAME].",negative
"Great job, now let's get two points.",positive
This reminds me of when it came out that the Hello Kitty! character is actually a human girl.,neutral
"Uhhhhhh, damn son",neutral
This guy doesnâ€™t know how to life...,negative
Wow I didn't know it changed your face so it doesn't break rule 1 and 2? /s,negative
Relocation trumps meddling in my book.,positive
I'm on my third marriage. And it's been 26 years now. Sometimes a man's gotta do what a man does.,neutral
Good luck!,positive
Take a seat young ragewalker.,neutral
Theyâ€™re all nothing but a pack of liers and should all be thrown in jail,negative
I don't recall saying we didn't - I just don't think we're particularly bad.,neutral
He will regret nothing I'm sure,neutral
You have to demonstrate the necessary being in this world.,positive
I love it when people have a background in STEM and the arts and manage to pursue both!,positive
How many kids do you see? xÄ±s :É¹ÇÊsuÉ,neutral
No itâ€™s ok. How does [NAME] feel about his mom hovering? Are there plans to move out or is this a permanent thing?,neutral
"Oh, wow, I didn't know my Dad had a Reddit account.",neutral
> But it says progressive right in their name.... Here's a beautiful girl for you... ^^/s,negative
This is hilarious,positive
There are plans to widen Parmer during the next few years.,neutral
"Honestly at this point they need to do that or adjust [NAME] 3d model. The command grabs literally go thru opponents constantly, it looks weird as hell",negative
"Honest question, what happens to Red if they don't make the league ? They're in America and surely that can't be cheap ",neutral
Really? How would they know what pharmacy you want to visit?,neutral
Keep yourself occupied go play videogames or something that really occupies your attention,positive
Delete this. Not relevant.,negative
Hereâ€™s the link,neutral
They used it as a political insult. Nothing about his sexual life.,negative
Define 'state' then.,neutral
I don't see anywhere in her post where she says that.,negative
ðŸ¤·ðŸ¼â€â™€ï¸ I was wondering the same thing. It looked almost like a teriyaki.,neutral
"Crack whores are hooking in broad daylight now, eh?",negative
"Also, there's no point in having a job if it doesn't pay substantially more than the childcare costs.",negative
I hope she figures out he isnâ€™t before anything happens. The entitlement herre is just over the roof,negative
"Not really sweaty palms, but holy hell that's uncomfortable as all hell...",negative
So why not leave it in his garage with the doors locked?,neutral
Well it was heavily leaning towards breweries and beer in general but we still got to see heaps of other stuff to so thanks!,positive
Reading this made me happy and I don't even know you. Keep doing your thing!ðŸ™ŒðŸ¼,positive
I never used an escalator until I was about 16 and I still remember moving stairs scaring the hell out of me,neutral
The fact that LGBTQ rights were only recently (and not completely) recognized by the government directly contradicts the idea that gaining their rights has been quick.,negative
please explain?,neutral
This is completely false.,negative
wondering what the hookup scene is like in the north woods of Wisconsin?,neutral
>marry up tho Except it's more cruel for men now. The men who the said women are seeing are most certainly homeless/broke chads.,negative
Probably cause our FBs are not strong enough defensively so we need a way to justify playing them,negative
Or... Or you can eat mine.,neutral
Leave him alone!,negative
[NAME] doesn't do nihilism. She's war ravaged. Ergo she has to recover.,positive
*Poop hole* Oooohwee!,negative
"Has there even been a time when a *good* Doxing happened? ""We're going to find this guy and hug the crap outta him!""",neutral
This is too cute :),positive
